iteration;gpu;cpu
0;4.263614499999676;96.63869779999368
1;4.072002499990049;96.57251909999468
2;4.1399284999934025;97.19725219999964
3;4.071615699998802;96.44214850000571
4;4.125230299992836;96.42505969999183
5;4.181798000005074;96.32844779999868
6;4.120123100001365;96.20995530000073
