iteration;gpu;cpu
0;4.092786099994555;94.54895950003993
