iteration;gpu;cpu
0;4.865395900094882;30.62316450010985
