iteration;gpu;cpu
0;5.294065900001442;78.54341899999417
1;5.135927900002571;84.23080320000008
2;5.022953500010772;83.83396279999579
3;5.081212899996899;78.24910359999922
4;5.029524000012316;76.0694158999977
5;5.10243349999655;75.72557689998939
6;5.119934000002104;75.25733919999038
7;5.005426999996416;76.62373859999934
