iteration;gpu;cpu
0;4.3703309000702575;71.00266180001199
